--------------------------------------------------------
-- Archivo creado  - jueves-octubre-31-2024   
--------------------------------------------------------
--------------------------------------------------------
--  DDL for Sequence ASIGNACIONES_SEQ
--------------------------------------------------------

   CREATE SEQUENCE  "ASIGNACIONES_SEQ"  MINVALUE 1 MAXVALUE 9999999999999999999999999999 INCREMENT BY 1 START WITH 6 NOCACHE  NOORDER  NOCYCLE  NOKEEP  NOSCALE  GLOBAL ;
--------------------------------------------------------
--  DDL for Sequence CONFIGURACIONES_SEQ
--------------------------------------------------------

   CREATE SEQUENCE  "CONFIGURACIONES_SEQ"  MINVALUE 1 MAXVALUE 9999999999999999999999999999 INCREMENT BY 1 START WITH 4 NOCACHE  NOORDER  NOCYCLE  NOKEEP  NOSCALE  GLOBAL ;
--------------------------------------------------------
--  DDL for Sequence METRICAS_SEQ
--------------------------------------------------------

   CREATE SEQUENCE  "METRICAS_SEQ"  MINVALUE 1 MAXVALUE 9999999999999999999999999999 INCREMENT BY 1 START WITH 115 NOCACHE  NOORDER  NOCYCLE  NOKEEP  NOSCALE  GLOBAL ;
--------------------------------------------------------
--  DDL for Sequence SALAS_SEQ
--------------------------------------------------------

   CREATE SEQUENCE  "SALAS_SEQ"  MINVALUE 1 MAXVALUE 9999999999999999999999999999 INCREMENT BY 1 START WITH 4 NOCACHE  NOORDER  NOCYCLE  NOKEEP  NOSCALE  GLOBAL ;
--------------------------------------------------------
--  DDL for Sequence SECCIONES_SEQ
--------------------------------------------------------

   CREATE SEQUENCE  "SECCIONES_SEQ"  MINVALUE 1 MAXVALUE 9999999999999999999999999999 INCREMENT BY 1 START WITH 6 NOCACHE  NOORDER  NOCYCLE  NOKEEP  NOSCALE  GLOBAL ;
--------------------------------------------------------
--  DDL for Sequence USUARIOS_SEQ
--------------------------------------------------------

   CREATE SEQUENCE  "USUARIOS_SEQ"  MINVALUE 1 MAXVALUE 9999999999999999999999999999 INCREMENT BY 1 START WITH 4 NOCACHE  NOORDER  NOCYCLE  NOKEEP  NOSCALE  GLOBAL ;
--------------------------------------------------------
--  DDL for Table ASIGNACIONES
--------------------------------------------------------

  CREATE TABLE "ASIGNACIONES" 
   (	"IDASIGNACION" NUMBER(5,0), 
	"USUARIOS_IDUSUARIO" NUMBER(5,0), 
	"SALAS_SECCIONES_SECCIONES_IDSECCION" NUMBER(5,0), 
	"SALAS_SECCIONES_SALAS_IDSALA" NUMBER(5,0)
   )  DEFAULT COLLATION "USING_NLS_COMP" SEGMENT CREATION IMMEDIATE 
  PCTFREE 10 PCTUSED 40 INITRANS 10 MAXTRANS 255 
 COLUMN STORE COMPRESS FOR QUERY HIGH ROW LEVEL LOCKING LOGGING
  STORAGE(INITIAL 65536 NEXT 1048576 MINEXTENTS 1 MAXEXTENTS 2147483645
  PCTINCREASE 0 FREELISTS 1 FREELIST GROUPS 1
  BUFFER_POOL DEFAULT FLASH_CACHE DEFAULT CELL_FLASH_CACHE DEFAULT)
  TABLESPACE "DATA" ;
--------------------------------------------------------
--  DDL for Table CONFIGURACIONES
--------------------------------------------------------

  CREATE TABLE "CONFIGURACIONES" 
   (	"IDCONFIGURACION" NUMBER(5,0), 
	"SENSIBILIDAD" NUMBER(2,0)
   )  DEFAULT COLLATION "USING_NLS_COMP" SEGMENT CREATION IMMEDIATE 
  PCTFREE 10 PCTUSED 40 INITRANS 10 MAXTRANS 255 
 COLUMN STORE COMPRESS FOR QUERY HIGH ROW LEVEL LOCKING LOGGING
  STORAGE(INITIAL 65536 NEXT 1048576 MINEXTENTS 1 MAXEXTENTS 2147483645
  PCTINCREASE 0 FREELISTS 1 FREELIST GROUPS 1
  BUFFER_POOL DEFAULT FLASH_CACHE DEFAULT CELL_FLASH_CACHE DEFAULT)
  TABLESPACE "DATA" ;
--------------------------------------------------------
--  DDL for Table METRICAS
--------------------------------------------------------

  CREATE TABLE "METRICAS" 
   (	"IDMETRICA" NUMBER(5,0), 
	"REGISTRO" CLOB COLLATE "USING_NLS_COMP", 
	"ASIGNACIONES_IDASIGNACION" NUMBER(5,0), 
	"FECHA" DATE
   )  DEFAULT COLLATION "USING_NLS_COMP" SEGMENT CREATION IMMEDIATE 
  PCTFREE 10 PCTUSED 40 INITRANS 10 MAXTRANS 255 
 COLUMN STORE COMPRESS FOR QUERY HIGH ROW LEVEL LOCKING LOGGING
  STORAGE(INITIAL 65536 NEXT 1048576 MINEXTENTS 1 MAXEXTENTS 2147483645
  PCTINCREASE 0 FREELISTS 1 FREELIST GROUPS 1
  BUFFER_POOL DEFAULT FLASH_CACHE DEFAULT CELL_FLASH_CACHE DEFAULT)
  TABLESPACE "DATA" 
 LOB ("REGISTRO") STORE AS SECUREFILE (
  TABLESPACE "DATA" ENABLE STORAGE IN ROW CHUNK 8192
  NOCACHE LOGGING  NOCOMPRESS  KEEP_DUPLICATES 
  STORAGE(INITIAL 106496 NEXT 1048576 MINEXTENTS 1 MAXEXTENTS 2147483645
  PCTINCREASE 0
  BUFFER_POOL DEFAULT FLASH_CACHE DEFAULT CELL_FLASH_CACHE DEFAULT)) ;
--------------------------------------------------------
--  DDL for Table SALAS
--------------------------------------------------------

  CREATE TABLE "SALAS" 
   (	"IDSALA" NUMBER(5,0), 
	"NOMBRE" VARCHAR2(10 BYTE) COLLATE "USING_NLS_COMP", 
	"LINK" VARCHAR2(100 BYTE) COLLATE "USING_NLS_COMP"
   )  DEFAULT COLLATION "USING_NLS_COMP" SEGMENT CREATION IMMEDIATE 
  PCTFREE 10 PCTUSED 40 INITRANS 10 MAXTRANS 255 
 COLUMN STORE COMPRESS FOR QUERY HIGH ROW LEVEL LOCKING LOGGING
  STORAGE(INITIAL 65536 NEXT 1048576 MINEXTENTS 1 MAXEXTENTS 2147483645
  PCTINCREASE 0 FREELISTS 1 FREELIST GROUPS 1
  BUFFER_POOL DEFAULT FLASH_CACHE DEFAULT CELL_FLASH_CACHE DEFAULT)
  TABLESPACE "DATA" ;
--------------------------------------------------------
--  DDL for Table SALAS_SECCIONES
--------------------------------------------------------

  CREATE TABLE "SALAS_SECCIONES" 
   (	"SECCIONES_IDSECCION" NUMBER(5,0), 
	"SALAS_IDSALA" NUMBER(5,0)
   )  DEFAULT COLLATION "USING_NLS_COMP" SEGMENT CREATION IMMEDIATE 
  PCTFREE 10 PCTUSED 40 INITRANS 10 MAXTRANS 255 
 COLUMN STORE COMPRESS FOR QUERY HIGH ROW LEVEL LOCKING LOGGING
  STORAGE(INITIAL 65536 NEXT 1048576 MINEXTENTS 1 MAXEXTENTS 2147483645
  PCTINCREASE 0 FREELISTS 1 FREELIST GROUPS 1
  BUFFER_POOL DEFAULT FLASH_CACHE DEFAULT CELL_FLASH_CACHE DEFAULT)
  TABLESPACE "DATA" ;
--------------------------------------------------------
--  DDL for Table SECCIONES
--------------------------------------------------------

  CREATE TABLE "SECCIONES" 
   (	"IDSECCION" NUMBER(5,0), 
	"NOMBRE" VARCHAR2(60 BYTE) COLLATE "USING_NLS_COMP"
   )  DEFAULT COLLATION "USING_NLS_COMP" SEGMENT CREATION IMMEDIATE 
  PCTFREE 10 PCTUSED 40 INITRANS 10 MAXTRANS 255 
 COLUMN STORE COMPRESS FOR QUERY HIGH ROW LEVEL LOCKING LOGGING
  STORAGE(INITIAL 65536 NEXT 1048576 MINEXTENTS 1 MAXEXTENTS 2147483645
  PCTINCREASE 0 FREELISTS 1 FREELIST GROUPS 1
  BUFFER_POOL DEFAULT FLASH_CACHE DEFAULT CELL_FLASH_CACHE DEFAULT)
  TABLESPACE "DATA" ;
--------------------------------------------------------
--  DDL for Table USUARIOS
--------------------------------------------------------

  CREATE TABLE "USUARIOS" 
   (	"IDUSUARIO" NUMBER(5,0), 
	"NOMBRE" VARCHAR2(50 BYTE) COLLATE "USING_NLS_COMP", 
	"CORREO" VARCHAR2(40 BYTE) COLLATE "USING_NLS_COMP", 
	"CONTRASENNA" VARCHAR2(72 BYTE) COLLATE "USING_NLS_COMP", 
	"CONFIG_IDCONFIGURACION" NUMBER(5,0), 
	"AVATAR" VARCHAR2(150 BYTE) COLLATE "USING_NLS_COMP"
   )  DEFAULT COLLATION "USING_NLS_COMP" SEGMENT CREATION IMMEDIATE 
  PCTFREE 10 PCTUSED 40 INITRANS 10 MAXTRANS 255 
 COLUMN STORE COMPRESS FOR QUERY HIGH ROW LEVEL LOCKING LOGGING
  STORAGE(INITIAL 65536 NEXT 1048576 MINEXTENTS 1 MAXEXTENTS 2147483645
  PCTINCREASE 0 FREELISTS 1 FREELIST GROUPS 1
  BUFFER_POOL DEFAULT FLASH_CACHE DEFAULT CELL_FLASH_CACHE DEFAULT)
  TABLESPACE "DATA" ;
REM INSERTING into ASIGNACIONES
SET DEFINE OFF;
Insert into ASIGNACIONES (IDASIGNACION,USUARIOS_IDUSUARIO,SALAS_SECCIONES_SECCIONES_IDSECCION,SALAS_SECCIONES_SALAS_IDSALA) values ('1','1','1','1');
Insert into ASIGNACIONES (IDASIGNACION,USUARIOS_IDUSUARIO,SALAS_SECCIONES_SECCIONES_IDSECCION,SALAS_SECCIONES_SALAS_IDSALA) values ('2','1','1','2');
Insert into ASIGNACIONES (IDASIGNACION,USUARIOS_IDUSUARIO,SALAS_SECCIONES_SECCIONES_IDSECCION,SALAS_SECCIONES_SALAS_IDSALA) values ('3','3','1','1');
Insert into ASIGNACIONES (IDASIGNACION,USUARIOS_IDUSUARIO,SALAS_SECCIONES_SECCIONES_IDSECCION,SALAS_SECCIONES_SALAS_IDSALA) values ('4','3','1','2');
Insert into ASIGNACIONES (IDASIGNACION,USUARIOS_IDUSUARIO,SALAS_SECCIONES_SECCIONES_IDSECCION,SALAS_SECCIONES_SALAS_IDSALA) values ('5','3','1','3');
REM INSERTING into CONFIGURACIONES
SET DEFINE OFF;
Insert into CONFIGURACIONES (IDCONFIGURACION,SENSIBILIDAD) values ('1','6');
Insert into CONFIGURACIONES (IDCONFIGURACION,SENSIBILIDAD) values ('2','30');
Insert into CONFIGURACIONES (IDCONFIGURACION,SENSIBILIDAD) values ('3','3');
REM INSERTING into METRICAS
SET DEFINE OFF;
Insert into METRICAS (IDMETRICA,ASIGNACIONES_IDASIGNACION,FECHA) values ('113',null,to_date('29/10/24','DD/MM/RR'));
Insert into METRICAS (IDMETRICA,ASIGNACIONES_IDASIGNACION,FECHA) values ('98',null,to_date('29/10/24','DD/MM/RR'));
Insert into METRICAS (IDMETRICA,ASIGNACIONES_IDASIGNACION,FECHA) values ('99',null,to_date('29/10/24','DD/MM/RR'));
Insert into METRICAS (IDMETRICA,ASIGNACIONES_IDASIGNACION,FECHA) values ('100',null,to_date('29/10/24','DD/MM/RR'));
Insert into METRICAS (IDMETRICA,ASIGNACIONES_IDASIGNACION,FECHA) values ('101',null,to_date('29/10/24','DD/MM/RR'));
Insert into METRICAS (IDMETRICA,ASIGNACIONES_IDASIGNACION,FECHA) values ('102',null,to_date('29/10/24','DD/MM/RR'));
Insert into METRICAS (IDMETRICA,ASIGNACIONES_IDASIGNACION,FECHA) values ('103',null,to_date('29/10/24','DD/MM/RR'));
Insert into METRICAS (IDMETRICA,ASIGNACIONES_IDASIGNACION,FECHA) values ('104',null,to_date('29/10/24','DD/MM/RR'));
Insert into METRICAS (IDMETRICA,ASIGNACIONES_IDASIGNACION,FECHA) values ('105',null,to_date('29/10/24','DD/MM/RR'));
Insert into METRICAS (IDMETRICA,ASIGNACIONES_IDASIGNACION,FECHA) values ('106',null,to_date('29/10/24','DD/MM/RR'));
Insert into METRICAS (IDMETRICA,ASIGNACIONES_IDASIGNACION,FECHA) values ('107',null,to_date('29/10/24','DD/MM/RR'));
Insert into METRICAS (IDMETRICA,ASIGNACIONES_IDASIGNACION,FECHA) values ('108',null,to_date('29/10/24','DD/MM/RR'));
Insert into METRICAS (IDMETRICA,ASIGNACIONES_IDASIGNACION,FECHA) values ('109',null,to_date('29/10/24','DD/MM/RR'));
Insert into METRICAS (IDMETRICA,ASIGNACIONES_IDASIGNACION,FECHA) values ('110',null,to_date('29/10/24','DD/MM/RR'));
Insert into METRICAS (IDMETRICA,ASIGNACIONES_IDASIGNACION,FECHA) values ('1','1',null);
Insert into METRICAS (IDMETRICA,ASIGNACIONES_IDASIGNACION,FECHA) values ('5',null,to_date('24/10/24','DD/MM/RR'));
Insert into METRICAS (IDMETRICA,ASIGNACIONES_IDASIGNACION,FECHA) values ('6',null,to_date('24/10/24','DD/MM/RR'));
Insert into METRICAS (IDMETRICA,ASIGNACIONES_IDASIGNACION,FECHA) values ('7',null,to_date('24/10/24','DD/MM/RR'));
Insert into METRICAS (IDMETRICA,ASIGNACIONES_IDASIGNACION,FECHA) values ('8',null,to_date('24/10/24','DD/MM/RR'));
Insert into METRICAS (IDMETRICA,ASIGNACIONES_IDASIGNACION,FECHA) values ('9',null,to_date('24/10/24','DD/MM/RR'));
Insert into METRICAS (IDMETRICA,ASIGNACIONES_IDASIGNACION,FECHA) values ('10',null,to_date('24/10/24','DD/MM/RR'));
Insert into METRICAS (IDMETRICA,ASIGNACIONES_IDASIGNACION,FECHA) values ('11',null,to_date('24/10/24','DD/MM/RR'));
Insert into METRICAS (IDMETRICA,ASIGNACIONES_IDASIGNACION,FECHA) values ('12',null,to_date('24/10/24','DD/MM/RR'));
Insert into METRICAS (IDMETRICA,ASIGNACIONES_IDASIGNACION,FECHA) values ('13',null,to_date('24/10/24','DD/MM/RR'));
Insert into METRICAS (IDMETRICA,ASIGNACIONES_IDASIGNACION,FECHA) values ('14',null,to_date('24/10/24','DD/MM/RR'));
Insert into METRICAS (IDMETRICA,ASIGNACIONES_IDASIGNACION,FECHA) values ('15',null,to_date('24/10/24','DD/MM/RR'));
Insert into METRICAS (IDMETRICA,ASIGNACIONES_IDASIGNACION,FECHA) values ('16',null,to_date('24/10/24','DD/MM/RR'));
Insert into METRICAS (IDMETRICA,ASIGNACIONES_IDASIGNACION,FECHA) values ('17',null,to_date('24/10/24','DD/MM/RR'));
Insert into METRICAS (IDMETRICA,ASIGNACIONES_IDASIGNACION,FECHA) values ('18',null,to_date('24/10/24','DD/MM/RR'));
Insert into METRICAS (IDMETRICA,ASIGNACIONES_IDASIGNACION,FECHA) values ('19',null,to_date('24/10/24','DD/MM/RR'));
Insert into METRICAS (IDMETRICA,ASIGNACIONES_IDASIGNACION,FECHA) values ('20',null,to_date('24/10/24','DD/MM/RR'));
Insert into METRICAS (IDMETRICA,ASIGNACIONES_IDASIGNACION,FECHA) values ('21',null,to_date('24/10/24','DD/MM/RR'));
Insert into METRICAS (IDMETRICA,ASIGNACIONES_IDASIGNACION,FECHA) values ('81',null,to_date('29/10/24','DD/MM/RR'));
Insert into METRICAS (IDMETRICA,ASIGNACIONES_IDASIGNACION,FECHA) values ('82',null,to_date('29/10/24','DD/MM/RR'));
Insert into METRICAS (IDMETRICA,ASIGNACIONES_IDASIGNACION,FECHA) values ('83',null,to_date('29/10/24','DD/MM/RR'));
Insert into METRICAS (IDMETRICA,ASIGNACIONES_IDASIGNACION,FECHA) values ('67',null,to_date('25/10/24','DD/MM/RR'));
Insert into METRICAS (IDMETRICA,ASIGNACIONES_IDASIGNACION,FECHA) values ('68',null,to_date('25/10/24','DD/MM/RR'));
Insert into METRICAS (IDMETRICA,ASIGNACIONES_IDASIGNACION,FECHA) values ('69',null,to_date('25/10/24','DD/MM/RR'));
Insert into METRICAS (IDMETRICA,ASIGNACIONES_IDASIGNACION,FECHA) values ('70',null,to_date('25/10/24','DD/MM/RR'));
Insert into METRICAS (IDMETRICA,ASIGNACIONES_IDASIGNACION,FECHA) values ('71',null,to_date('25/10/24','DD/MM/RR'));
Insert into METRICAS (IDMETRICA,ASIGNACIONES_IDASIGNACION,FECHA) values ('72',null,to_date('25/10/24','DD/MM/RR'));
Insert into METRICAS (IDMETRICA,ASIGNACIONES_IDASIGNACION,FECHA) values ('73',null,to_date('25/10/24','DD/MM/RR'));
Insert into METRICAS (IDMETRICA,ASIGNACIONES_IDASIGNACION,FECHA) values ('87',null,to_date('29/10/24','DD/MM/RR'));
Insert into METRICAS (IDMETRICA,ASIGNACIONES_IDASIGNACION,FECHA) values ('88',null,to_date('29/10/24','DD/MM/RR'));
Insert into METRICAS (IDMETRICA,ASIGNACIONES_IDASIGNACION,FECHA) values ('97',null,to_date('29/10/24','DD/MM/RR'));
Insert into METRICAS (IDMETRICA,ASIGNACIONES_IDASIGNACION,FECHA) values ('2','1',to_date('22/10/24','DD/MM/RR'));
Insert into METRICAS (IDMETRICA,ASIGNACIONES_IDASIGNACION,FECHA) values ('3',null,to_date('24/10/24','DD/MM/RR'));
Insert into METRICAS (IDMETRICA,ASIGNACIONES_IDASIGNACION,FECHA) values ('4',null,to_date('24/10/24','DD/MM/RR'));
Insert into METRICAS (IDMETRICA,ASIGNACIONES_IDASIGNACION,FECHA) values ('22',null,to_date('24/10/24','DD/MM/RR'));
Insert into METRICAS (IDMETRICA,ASIGNACIONES_IDASIGNACION,FECHA) values ('23',null,to_date('24/10/24','DD/MM/RR'));
Insert into METRICAS (IDMETRICA,ASIGNACIONES_IDASIGNACION,FECHA) values ('24',null,to_date('24/10/24','DD/MM/RR'));
Insert into METRICAS (IDMETRICA,ASIGNACIONES_IDASIGNACION,FECHA) values ('25',null,to_date('24/10/24','DD/MM/RR'));
Insert into METRICAS (IDMETRICA,ASIGNACIONES_IDASIGNACION,FECHA) values ('26',null,to_date('24/10/24','DD/MM/RR'));
Insert into METRICAS (IDMETRICA,ASIGNACIONES_IDASIGNACION,FECHA) values ('27',null,to_date('24/10/24','DD/MM/RR'));
Insert into METRICAS (IDMETRICA,ASIGNACIONES_IDASIGNACION,FECHA) values ('28',null,to_date('24/10/24','DD/MM/RR'));
Insert into METRICAS (IDMETRICA,ASIGNACIONES_IDASIGNACION,FECHA) values ('29',null,to_date('24/10/24','DD/MM/RR'));
Insert into METRICAS (IDMETRICA,ASIGNACIONES_IDASIGNACION,FECHA) values ('30',null,to_date('24/10/24','DD/MM/RR'));
Insert into METRICAS (IDMETRICA,ASIGNACIONES_IDASIGNACION,FECHA) values ('31',null,to_date('24/10/24','DD/MM/RR'));
Insert into METRICAS (IDMETRICA,ASIGNACIONES_IDASIGNACION,FECHA) values ('32',null,to_date('25/10/24','DD/MM/RR'));
Insert into METRICAS (IDMETRICA,ASIGNACIONES_IDASIGNACION,FECHA) values ('33',null,to_date('25/10/24','DD/MM/RR'));
Insert into METRICAS (IDMETRICA,ASIGNACIONES_IDASIGNACION,FECHA) values ('34',null,to_date('25/10/24','DD/MM/RR'));
Insert into METRICAS (IDMETRICA,ASIGNACIONES_IDASIGNACION,FECHA) values ('35',null,to_date('25/10/24','DD/MM/RR'));
Insert into METRICAS (IDMETRICA,ASIGNACIONES_IDASIGNACION,FECHA) values ('36',null,to_date('25/10/24','DD/MM/RR'));
Insert into METRICAS (IDMETRICA,ASIGNACIONES_IDASIGNACION,FECHA) values ('37',null,to_date('25/10/24','DD/MM/RR'));
Insert into METRICAS (IDMETRICA,ASIGNACIONES_IDASIGNACION,FECHA) values ('38',null,to_date('25/10/24','DD/MM/RR'));
Insert into METRICAS (IDMETRICA,ASIGNACIONES_IDASIGNACION,FECHA) values ('39',null,to_date('25/10/24','DD/MM/RR'));
Insert into METRICAS (IDMETRICA,ASIGNACIONES_IDASIGNACION,FECHA) values ('40',null,to_date('25/10/24','DD/MM/RR'));
Insert into METRICAS (IDMETRICA,ASIGNACIONES_IDASIGNACION,FECHA) values ('41',null,to_date('25/10/24','DD/MM/RR'));
Insert into METRICAS (IDMETRICA,ASIGNACIONES_IDASIGNACION,FECHA) values ('42',null,to_date('25/10/24','DD/MM/RR'));
Insert into METRICAS (IDMETRICA,ASIGNACIONES_IDASIGNACION,FECHA) values ('43',null,to_date('25/10/24','DD/MM/RR'));
Insert into METRICAS (IDMETRICA,ASIGNACIONES_IDASIGNACION,FECHA) values ('44',null,to_date('25/10/24','DD/MM/RR'));
Insert into METRICAS (IDMETRICA,ASIGNACIONES_IDASIGNACION,FECHA) values ('45',null,to_date('25/10/24','DD/MM/RR'));
Insert into METRICAS (IDMETRICA,ASIGNACIONES_IDASIGNACION,FECHA) values ('46',null,to_date('25/10/24','DD/MM/RR'));
Insert into METRICAS (IDMETRICA,ASIGNACIONES_IDASIGNACION,FECHA) values ('47',null,to_date('25/10/24','DD/MM/RR'));
Insert into METRICAS (IDMETRICA,ASIGNACIONES_IDASIGNACION,FECHA) values ('48',null,to_date('25/10/24','DD/MM/RR'));
Insert into METRICAS (IDMETRICA,ASIGNACIONES_IDASIGNACION,FECHA) values ('49',null,to_date('25/10/24','DD/MM/RR'));
Insert into METRICAS (IDMETRICA,ASIGNACIONES_IDASIGNACION,FECHA) values ('50',null,to_date('25/10/24','DD/MM/RR'));
Insert into METRICAS (IDMETRICA,ASIGNACIONES_IDASIGNACION,FECHA) values ('51',null,to_date('25/10/24','DD/MM/RR'));
Insert into METRICAS (IDMETRICA,ASIGNACIONES_IDASIGNACION,FECHA) values ('52',null,to_date('25/10/24','DD/MM/RR'));
Insert into METRICAS (IDMETRICA,ASIGNACIONES_IDASIGNACION,FECHA) values ('53',null,to_date('25/10/24','DD/MM/RR'));
Insert into METRICAS (IDMETRICA,ASIGNACIONES_IDASIGNACION,FECHA) values ('54',null,to_date('25/10/24','DD/MM/RR'));
Insert into METRICAS (IDMETRICA,ASIGNACIONES_IDASIGNACION,FECHA) values ('55',null,to_date('25/10/24','DD/MM/RR'));
Insert into METRICAS (IDMETRICA,ASIGNACIONES_IDASIGNACION,FECHA) values ('56',null,to_date('25/10/24','DD/MM/RR'));
Insert into METRICAS (IDMETRICA,ASIGNACIONES_IDASIGNACION,FECHA) values ('57',null,to_date('25/10/24','DD/MM/RR'));
Insert into METRICAS (IDMETRICA,ASIGNACIONES_IDASIGNACION,FECHA) values ('58',null,to_date('25/10/24','DD/MM/RR'));
Insert into METRICAS (IDMETRICA,ASIGNACIONES_IDASIGNACION,FECHA) values ('59',null,to_date('25/10/24','DD/MM/RR'));
Insert into METRICAS (IDMETRICA,ASIGNACIONES_IDASIGNACION,FECHA) values ('60',null,to_date('25/10/24','DD/MM/RR'));
Insert into METRICAS (IDMETRICA,ASIGNACIONES_IDASIGNACION,FECHA) values ('61',null,to_date('25/10/24','DD/MM/RR'));
Insert into METRICAS (IDMETRICA,ASIGNACIONES_IDASIGNACION,FECHA) values ('62',null,to_date('25/10/24','DD/MM/RR'));
Insert into METRICAS (IDMETRICA,ASIGNACIONES_IDASIGNACION,FECHA) values ('63',null,to_date('25/10/24','DD/MM/RR'));
Insert into METRICAS (IDMETRICA,ASIGNACIONES_IDASIGNACION,FECHA) values ('64',null,to_date('25/10/24','DD/MM/RR'));
Insert into METRICAS (IDMETRICA,ASIGNACIONES_IDASIGNACION,FECHA) values ('65',null,to_date('25/10/24','DD/MM/RR'));
Insert into METRICAS (IDMETRICA,ASIGNACIONES_IDASIGNACION,FECHA) values ('74',null,to_date('29/10/24','DD/MM/RR'));
Insert into METRICAS (IDMETRICA,ASIGNACIONES_IDASIGNACION,FECHA) values ('75',null,to_date('29/10/24','DD/MM/RR'));
Insert into METRICAS (IDMETRICA,ASIGNACIONES_IDASIGNACION,FECHA) values ('66',null,to_date('25/10/24','DD/MM/RR'));
Insert into METRICAS (IDMETRICA,ASIGNACIONES_IDASIGNACION,FECHA) values ('76',null,to_date('29/10/24','DD/MM/RR'));
Insert into METRICAS (IDMETRICA,ASIGNACIONES_IDASIGNACION,FECHA) values ('77',null,to_date('29/10/24','DD/MM/RR'));
Insert into METRICAS (IDMETRICA,ASIGNACIONES_IDASIGNACION,FECHA) values ('78',null,to_date('29/10/24','DD/MM/RR'));
Insert into METRICAS (IDMETRICA,ASIGNACIONES_IDASIGNACION,FECHA) values ('79',null,to_date('29/10/24','DD/MM/RR'));
Insert into METRICAS (IDMETRICA,ASIGNACIONES_IDASIGNACION,FECHA) values ('80',null,to_date('29/10/24','DD/MM/RR'));
Insert into METRICAS (IDMETRICA,ASIGNACIONES_IDASIGNACION,FECHA) values ('85',null,to_date('29/10/24','DD/MM/RR'));
Insert into METRICAS (IDMETRICA,ASIGNACIONES_IDASIGNACION,FECHA) values ('86',null,to_date('29/10/24','DD/MM/RR'));
Insert into METRICAS (IDMETRICA,ASIGNACIONES_IDASIGNACION,FECHA) values ('84',null,to_date('29/10/24','DD/MM/RR'));
Insert into METRICAS (IDMETRICA,ASIGNACIONES_IDASIGNACION,FECHA) values ('89',null,to_date('29/10/24','DD/MM/RR'));
Insert into METRICAS (IDMETRICA,ASIGNACIONES_IDASIGNACION,FECHA) values ('90',null,to_date('29/10/24','DD/MM/RR'));
Insert into METRICAS (IDMETRICA,ASIGNACIONES_IDASIGNACION,FECHA) values ('91',null,to_date('29/10/24','DD/MM/RR'));
Insert into METRICAS (IDMETRICA,ASIGNACIONES_IDASIGNACION,FECHA) values ('92',null,to_date('29/10/24','DD/MM/RR'));
Insert into METRICAS (IDMETRICA,ASIGNACIONES_IDASIGNACION,FECHA) values ('93',null,to_date('29/10/24','DD/MM/RR'));
Insert into METRICAS (IDMETRICA,ASIGNACIONES_IDASIGNACION,FECHA) values ('94',null,to_date('29/10/24','DD/MM/RR'));
Insert into METRICAS (IDMETRICA,ASIGNACIONES_IDASIGNACION,FECHA) values ('95',null,to_date('29/10/24','DD/MM/RR'));
Insert into METRICAS (IDMETRICA,ASIGNACIONES_IDASIGNACION,FECHA) values ('96',null,to_date('29/10/24','DD/MM/RR'));
Insert into METRICAS (IDMETRICA,ASIGNACIONES_IDASIGNACION,FECHA) values ('111',null,to_date('29/10/24','DD/MM/RR'));
Insert into METRICAS (IDMETRICA,ASIGNACIONES_IDASIGNACION,FECHA) values ('112',null,to_date('29/10/24','DD/MM/RR'));
Insert into METRICAS (IDMETRICA,ASIGNACIONES_IDASIGNACION,FECHA) values ('114',null,to_date('29/10/24','DD/MM/RR'));
REM INSERTING into SALAS
SET DEFINE OFF;
Insert into SALAS (IDSALA,NOMBRE,LINK) values ('1','LC12','TestVideos/3.mp4');
Insert into SALAS (IDSALA,NOMBRE,LINK) values ('2','TP1','TestVideos/4.mp4');
Insert into SALAS (IDSALA,NOMBRE,LINK) values ('3','LC01','0');
REM INSERTING into SALAS_SECCIONES
SET DEFINE OFF;
Insert into SALAS_SECCIONES (SECCIONES_IDSECCION,SALAS_IDSALA) values ('1','1');
Insert into SALAS_SECCIONES (SECCIONES_IDSECCION,SALAS_IDSALA) values ('1','2');
Insert into SALAS_SECCIONES (SECCIONES_IDSECCION,SALAS_IDSALA) values ('1','3');
REM INSERTING into SECCIONES
SET DEFINE OFF;
Insert into SECCIONES (IDSECCION,NOMBRE) values ('1','PROGRAMACIÓN DE ALGORITMOS PGY1121-008D');
Insert into SECCIONES (IDSECCION,NOMBRE) values ('2','PROGRAMACIÓN DE ALGORITMOS PGY1121-009D');
Insert into SECCIONES (IDSECCION,NOMBRE) values ('3','PROGRAMACIÓN DE ALGORITMOS PGY1121-010D');
Insert into SECCIONES (IDSECCION,NOMBRE) values ('4','PROGRAMACIÓN WEB PGY3121-005D');
Insert into SECCIONES (IDSECCION,NOMBRE) values ('5','PROGRAMACIÓN WEB PGY3121-004D');
REM INSERTING into USUARIOS
SET DEFINE OFF;
Insert into USUARIOS (IDUSUARIO,NOMBRE,CORREO,CONTRASENNA,CONFIG_IDCONFIGURACION,AVATAR) values ('1','Jordan Urzua','jor@profesor.duoc.cl','$2a$12$uTVbRw.lgc7QKUbaYUIwdei9U0Fa/5GPc/N0d9PaXIcivNyUU2PIC','1','https://objectstorage.sa-saopaulo-1.oraclecloud.com/n/grkaxtkeyryv/b/bucketAvatar-20241028-0953/o/testUserImage.png');
Insert into USUARIOS (IDUSUARIO,NOMBRE,CORREO,CONTRASENNA,CONFIG_IDCONFIGURACION,AVATAR) values ('2','Juan perez','correoPerez@prueba.cl','$2a$12$x0SW8zUQ90i7gWIz39KfaOns3unXkuK5YhzNvBeUVSqA44uEzl3/.','2',null);
Insert into USUARIOS (IDUSUARIO,NOMBRE,CORREO,CONTRASENNA,CONFIG_IDCONFIGURACION,AVATAR) values ('3','Vicente','vice@profesor.duoc.cl','$2a$12$oyeR63095sEvCZYNfaFbpe8c/0MNno9jG.ZO32povUmIUT9v51UBC','3',null);
REM INSERTING into TEST_TABLE
SET DEFINE OFF;
--------------------------------------------------------
--  DDL for Index SYS_C0022909
--------------------------------------------------------

  CREATE UNIQUE INDEX "SYS_C0022909" ON "CONFIGURACIONES" ("IDCONFIGURACION") 
  PCTFREE 10 INITRANS 20 MAXTRANS 255 COMPUTE STATISTICS 
  STORAGE(INITIAL 65536 NEXT 1048576 MINEXTENTS 1 MAXEXTENTS 2147483645
  PCTINCREASE 0 FREELISTS 1 FREELIST GROUPS 1
  BUFFER_POOL DEFAULT FLASH_CACHE DEFAULT CELL_FLASH_CACHE DEFAULT)
  TABLESPACE "DATA" ;
--------------------------------------------------------
--  DDL for Index SYS_C0022914
--------------------------------------------------------

  CREATE UNIQUE INDEX "SYS_C0022914" ON "USUARIOS" ("IDUSUARIO") 
  PCTFREE 10 INITRANS 20 MAXTRANS 255 COMPUTE STATISTICS 
  STORAGE(INITIAL 65536 NEXT 1048576 MINEXTENTS 1 MAXEXTENTS 2147483645
  PCTINCREASE 0 FREELISTS 1 FREELIST GROUPS 1
  BUFFER_POOL DEFAULT FLASH_CACHE DEFAULT CELL_FLASH_CACHE DEFAULT)
  TABLESPACE "DATA" ;
--------------------------------------------------------
--  DDL for Index SYS_C0022918
--------------------------------------------------------

  CREATE UNIQUE INDEX "SYS_C0022918" ON "SALAS" ("IDSALA") 
  PCTFREE 10 INITRANS 20 MAXTRANS 255 COMPUTE STATISTICS 
  STORAGE(INITIAL 65536 NEXT 1048576 MINEXTENTS 1 MAXEXTENTS 2147483645
  PCTINCREASE 0 FREELISTS 1 FREELIST GROUPS 1
  BUFFER_POOL DEFAULT FLASH_CACHE DEFAULT CELL_FLASH_CACHE DEFAULT)
  TABLESPACE "DATA" ;
--------------------------------------------------------
--  DDL for Index SYS_C0022920
--------------------------------------------------------

  CREATE UNIQUE INDEX "SYS_C0022920" ON "SECCIONES" ("IDSECCION") 
  PCTFREE 10 INITRANS 20 MAXTRANS 255 COMPUTE STATISTICS 
  STORAGE(INITIAL 65536 NEXT 1048576 MINEXTENTS 1 MAXEXTENTS 2147483645
  PCTINCREASE 0 FREELISTS 1 FREELIST GROUPS 1
  BUFFER_POOL DEFAULT FLASH_CACHE DEFAULT CELL_FLASH_CACHE DEFAULT)
  TABLESPACE "DATA" ;
--------------------------------------------------------
--  DDL for Index SYS_C0022921
--------------------------------------------------------

  CREATE UNIQUE INDEX "SYS_C0022921" ON "SALAS_SECCIONES" ("SECCIONES_IDSECCION", "SALAS_IDSALA") 
  PCTFREE 10 INITRANS 20 MAXTRANS 255 COMPUTE STATISTICS 
  STORAGE(INITIAL 65536 NEXT 1048576 MINEXTENTS 1 MAXEXTENTS 2147483645
  PCTINCREASE 0 FREELISTS 1 FREELIST GROUPS 1
  BUFFER_POOL DEFAULT FLASH_CACHE DEFAULT CELL_FLASH_CACHE DEFAULT)
  TABLESPACE "DATA" ;
--------------------------------------------------------
--  DDL for Index SYS_C0022924
--------------------------------------------------------

  CREATE UNIQUE INDEX "SYS_C0022924" ON "ASIGNACIONES" ("IDASIGNACION") 
  PCTFREE 10 INITRANS 20 MAXTRANS 255 COMPUTE STATISTICS 
  STORAGE(INITIAL 65536 NEXT 1048576 MINEXTENTS 1 MAXEXTENTS 2147483645
  PCTINCREASE 0 FREELISTS 1 FREELIST GROUPS 1
  BUFFER_POOL DEFAULT FLASH_CACHE DEFAULT CELL_FLASH_CACHE DEFAULT)
  TABLESPACE "DATA" ;
--------------------------------------------------------
--  DDL for Index SYS_C0022928
--------------------------------------------------------

  CREATE UNIQUE INDEX "SYS_C0022928" ON "METRICAS" ("IDMETRICA") 
  PCTFREE 10 INITRANS 20 MAXTRANS 255 COMPUTE STATISTICS 
  STORAGE(INITIAL 65536 NEXT 1048576 MINEXTENTS 1 MAXEXTENTS 2147483645
  PCTINCREASE 0 FREELISTS 1 FREELIST GROUPS 1
  BUFFER_POOL DEFAULT FLASH_CACHE DEFAULT CELL_FLASH_CACHE DEFAULT)
  TABLESPACE "DATA" ;
--------------------------------------------------------
--  DDL for Index SYS_IL0000095695C00005$$
--------------------------------------------------------

  CREATE UNIQUE INDEX "SYS_IL0000095695C00005$$" ON "USUARIOS" (
  PCTFREE 10 INITRANS 2 MAXTRANS 255 
  STORAGE(INITIAL 65536 NEXT 1048576 MINEXTENTS 1 MAXEXTENTS 2147483645
  PCTINCREASE 0 FREELISTS 1 FREELIST GROUPS 1
  BUFFER_POOL DEFAULT FLASH_CACHE DEFAULT CELL_FLASH_CACHE DEFAULT)
  TABLESPACE "DATA" 
  PARALLEL (DEGREE 0 INSTANCES 0) ;
--------------------------------------------------------
--  DDL for Index SYS_IL0000095695C00007$$
--------------------------------------------------------

  CREATE UNIQUE INDEX "SYS_IL0000095695C00007$$" ON "USUARIOS" (
  PCTFREE 10 INITRANS 2 MAXTRANS 255 
  STORAGE(INITIAL 65536 NEXT 1048576 MINEXTENTS 1 MAXEXTENTS 2147483645
  PCTINCREASE 0 FREELISTS 1 FREELIST GROUPS 1
  BUFFER_POOL DEFAULT FLASH_CACHE DEFAULT CELL_FLASH_CACHE DEFAULT)
  TABLESPACE "DATA" 
  PARALLEL (DEGREE 0 INSTANCES 0) ;
--------------------------------------------------------
--  DDL for Index SYS_IL0000095707C00002$$
--------------------------------------------------------

  CREATE UNIQUE INDEX "SYS_IL0000095707C00002$$" ON "METRICAS" (
  PCTFREE 10 INITRANS 2 MAXTRANS 255 
  STORAGE(INITIAL 65536 NEXT 1048576 MINEXTENTS 1 MAXEXTENTS 2147483645
  PCTINCREASE 0 FREELISTS 1 FREELIST GROUPS 1
  BUFFER_POOL DEFAULT FLASH_CACHE DEFAULT CELL_FLASH_CACHE DEFAULT)
  TABLESPACE "DATA" 
  PARALLEL (DEGREE 0 INSTANCES 0) ;
--------------------------------------------------------
--  DDL for Index USUARIOS_IDX
--------------------------------------------------------

  CREATE INDEX "USUARIOS_IDX" ON "USUARIOS" ("CONFIG_IDCONFIGURACION") 
  PCTFREE 10 INITRANS 20 MAXTRANS 255 COMPUTE STATISTICS 
  STORAGE(INITIAL 65536 NEXT 1048576 MINEXTENTS 1 MAXEXTENTS 2147483645
  PCTINCREASE 0 FREELISTS 1 FREELIST GROUPS 1
  BUFFER_POOL DEFAULT FLASH_CACHE DEFAULT CELL_FLASH_CACHE DEFAULT)
  TABLESPACE "DATA" ;
--------------------------------------------------------
--  DDL for Index SYS_C0022924
--------------------------------------------------------

  CREATE UNIQUE INDEX "SYS_C0022924" ON "ASIGNACIONES" ("IDASIGNACION") 
  PCTFREE 10 INITRANS 20 MAXTRANS 255 COMPUTE STATISTICS 
  STORAGE(INITIAL 65536 NEXT 1048576 MINEXTENTS 1 MAXEXTENTS 2147483645
  PCTINCREASE 0 FREELISTS 1 FREELIST GROUPS 1
  BUFFER_POOL DEFAULT FLASH_CACHE DEFAULT CELL_FLASH_CACHE DEFAULT)
  TABLESPACE "DATA" ;
--------------------------------------------------------
--  DDL for Index SYS_C0022909
--------------------------------------------------------

  CREATE UNIQUE INDEX "SYS_C0022909" ON "CONFIGURACIONES" ("IDCONFIGURACION") 
  PCTFREE 10 INITRANS 20 MAXTRANS 255 COMPUTE STATISTICS 
  STORAGE(INITIAL 65536 NEXT 1048576 MINEXTENTS 1 MAXEXTENTS 2147483645
  PCTINCREASE 0 FREELISTS 1 FREELIST GROUPS 1
  BUFFER_POOL DEFAULT FLASH_CACHE DEFAULT CELL_FLASH_CACHE DEFAULT)
  TABLESPACE "DATA" ;
--------------------------------------------------------
--  DDL for Index SYS_C0022928
--------------------------------------------------------

  CREATE UNIQUE INDEX "SYS_C0022928" ON "METRICAS" ("IDMETRICA") 
  PCTFREE 10 INITRANS 20 MAXTRANS 255 COMPUTE STATISTICS 
  STORAGE(INITIAL 65536 NEXT 1048576 MINEXTENTS 1 MAXEXTENTS 2147483645
  PCTINCREASE 0 FREELISTS 1 FREELIST GROUPS 1
  BUFFER_POOL DEFAULT FLASH_CACHE DEFAULT CELL_FLASH_CACHE DEFAULT)
  TABLESPACE "DATA" ;
--------------------------------------------------------
--  DDL for Index SYS_C0022918
--------------------------------------------------------

  CREATE UNIQUE INDEX "SYS_C0022918" ON "SALAS" ("IDSALA") 
  PCTFREE 10 INITRANS 20 MAXTRANS 255 COMPUTE STATISTICS 
  STORAGE(INITIAL 65536 NEXT 1048576 MINEXTENTS 1 MAXEXTENTS 2147483645
  PCTINCREASE 0 FREELISTS 1 FREELIST GROUPS 1
  BUFFER_POOL DEFAULT FLASH_CACHE DEFAULT CELL_FLASH_CACHE DEFAULT)
  TABLESPACE "DATA" ;
--------------------------------------------------------
--  DDL for Index SYS_C0022921
--------------------------------------------------------

  CREATE UNIQUE INDEX "SYS_C0022921" ON "SALAS_SECCIONES" ("SECCIONES_IDSECCION", "SALAS_IDSALA") 
  PCTFREE 10 INITRANS 20 MAXTRANS 255 COMPUTE STATISTICS 
  STORAGE(INITIAL 65536 NEXT 1048576 MINEXTENTS 1 MAXEXTENTS 2147483645
  PCTINCREASE 0 FREELISTS 1 FREELIST GROUPS 1
  BUFFER_POOL DEFAULT FLASH_CACHE DEFAULT CELL_FLASH_CACHE DEFAULT)
  TABLESPACE "DATA" ;
--------------------------------------------------------
--  DDL for Index SYS_C0022920
--------------------------------------------------------

  CREATE UNIQUE INDEX "SYS_C0022920" ON "SECCIONES" ("IDSECCION") 
  PCTFREE 10 INITRANS 20 MAXTRANS 255 COMPUTE STATISTICS 
  STORAGE(INITIAL 65536 NEXT 1048576 MINEXTENTS 1 MAXEXTENTS 2147483645
  PCTINCREASE 0 FREELISTS 1 FREELIST GROUPS 1
  BUFFER_POOL DEFAULT FLASH_CACHE DEFAULT CELL_FLASH_CACHE DEFAULT)
  TABLESPACE "DATA" ;
--------------------------------------------------------
--  DDL for Index SYS_C0022914
--------------------------------------------------------

  CREATE UNIQUE INDEX "SYS_C0022914" ON "USUARIOS" ("IDUSUARIO") 
  PCTFREE 10 INITRANS 20 MAXTRANS 255 COMPUTE STATISTICS 
  STORAGE(INITIAL 65536 NEXT 1048576 MINEXTENTS 1 MAXEXTENTS 2147483645
  PCTINCREASE 0 FREELISTS 1 FREELIST GROUPS 1
  BUFFER_POOL DEFAULT FLASH_CACHE DEFAULT CELL_FLASH_CACHE DEFAULT)
  TABLESPACE "DATA" ;
--------------------------------------------------------
--  DDL for Index USUARIOS_IDX
--------------------------------------------------------

  CREATE INDEX "USUARIOS_IDX" ON "USUARIOS" ("CONFIG_IDCONFIGURACION") 
  PCTFREE 10 INITRANS 20 MAXTRANS 255 COMPUTE STATISTICS 
  STORAGE(INITIAL 65536 NEXT 1048576 MINEXTENTS 1 MAXEXTENTS 2147483645
  PCTINCREASE 0 FREELISTS 1 FREELIST GROUPS 1
  BUFFER_POOL DEFAULT FLASH_CACHE DEFAULT CELL_FLASH_CACHE DEFAULT)
  TABLESPACE "DATA" ;
--------------------------------------------------------
--  DDL for Trigger TRG_ASIGNACIONES_AUTO_ID
--------------------------------------------------------

  CREATE OR REPLACE EDITIONABLE TRIGGER "TRG_ASIGNACIONES_AUTO_ID" 
BEFORE INSERT ON ASIGNACIONES
FOR EACH ROW
 WHEN (NEW.IDASIGNACION IS NULL OR NEW.IDASIGNACION = 0) DECLARE
    V_IDASIGNACION NUMBER(5);
    V_EXISTS NUMBER(5);--PARA VERIFICAR QUE LA ID EXISTE
BEGIN
    LOOP
        --OBTENER VALOR DE LA SECUENCIA
        SELECT ASIGNACIONES_SEQ.NEXTVAL INTO V_IDASIGNACION FROM dual;
        --HACER UN COUNT PARA VER SI NEXTVAL YA EXISTE
        SELECT COUNT(*) INTO V_EXISTS FROM ASIGNACIONES WHERE IDASIGNACION = V_IDASIGNACION;
        --SALIR DEL BUCLE SI LA NEXTVAL NO ESTA EN LA TABLA
        EXIT WHEN V_EXISTS = 0;
    END LOOP;
    --ASIGNAR LA NUEVA ID
    :NEW.IDASIGNACION := V_IDASIGNACION;
END;
/
ALTER TRIGGER "TRG_ASIGNACIONES_AUTO_ID" ENABLE;
--------------------------------------------------------
--  DDL for Trigger TRG_METRICAS_AUTO_ID
--------------------------------------------------------

  CREATE OR REPLACE EDITIONABLE TRIGGER "TRG_METRICAS_AUTO_ID" 
BEFORE INSERT ON METRICAS
FOR EACH ROW
 WHEN (NEW.IDMETRICA IS NULL OR NEW.IDMETRICA = 0) DECLARE
    V_IDMETRICA NUMBER(5);
    V_EXISTS NUMBER(5);--PARA VERIFICAR QUE LA ID EXISTE
BEGIN
    LOOP
        --OBTENER VALOR DE LA SECUENCIA
        SELECT METRICAS_SEQ.NEXTVAL INTO V_IDMETRICA FROM dual;
        --HACER UN COUNT PARA VER SI NEXTVAL YA EXISTE
        SELECT COUNT(*) INTO V_EXISTS FROM METRICAS WHERE IDMETRICA = V_IDMETRICA;
        --SALIR DEL BUCLE SI LA NEXTVAL NO ESTA EN LA TABLA
        EXIT WHEN V_EXISTS = 0;
    END LOOP;
    --ASIGNAR LA NUEVA ID
    :NEW.IDMETRICA := V_IDMETRICA;
END;
/
ALTER TRIGGER "TRG_METRICAS_AUTO_ID" ENABLE;
--------------------------------------------------------
--  DDL for Trigger TRG_METRICAS_SET_DATE
--------------------------------------------------------

  CREATE OR REPLACE EDITIONABLE TRIGGER "TRG_METRICAS_SET_DATE" 
BEFORE INSERT ON METRICAS
FOR EACH ROW
BEGIN
    :NEW.FECHA := SYSDATE;
END;
/
ALTER TRIGGER "TRG_METRICAS_SET_DATE" ENABLE;
--------------------------------------------------------
--  DDL for Trigger TRG_SALAS_AUTO_ID
--------------------------------------------------------

  CREATE OR REPLACE EDITIONABLE TRIGGER "TRG_SALAS_AUTO_ID" 
BEFORE INSERT ON SALAS
FOR EACH ROW
 WHEN (NEW.IDSALA IS NULL OR NEW.IDSALA = 0) DECLARE
    V_IDSALA NUMBER(5);
    V_EXISTS NUMBER(5);--PARA VERIFICAR QUE LA ID EXISTE
BEGIN
    LOOP
        --OBTENER VALOR DE LA SECUENCIA
        SELECT SALAS_SEQ.NEXTVAL INTO V_IDSALA FROM dual;
        --HACER UN COUNT PARA VER SI NEXTVAL YA EXISTE
        SELECT COUNT(*) INTO V_EXISTS FROM SALAS WHERE IDSALA = V_IDSALA;
        --SALIR DEL BUCLE SI LA NEXTVAL NO ESTA EN LA TABLA
        EXIT WHEN V_EXISTS = 0;
    END LOOP;
    --ASIGNAR LA NUEVA ID
    :NEW.IDSALA := V_IDSALA;
END;
/
ALTER TRIGGER "TRG_SALAS_AUTO_ID" ENABLE;
--------------------------------------------------------
--  DDL for Trigger TRG_SECCIONES_AUTO_ID
--------------------------------------------------------

  CREATE OR REPLACE EDITIONABLE TRIGGER "TRG_SECCIONES_AUTO_ID" 
BEFORE INSERT ON SECCIONES
FOR EACH ROW
 WHEN (NEW.IDSECCION IS NULL OR NEW.IDSECCION = 0) DECLARE
    V_IDSECCION NUMBER(5);
    V_EXISTS NUMBER(5);--PARA VERIFICAR QUE LA ID EXISTE
BEGIN
    LOOP
        --OBTENER VALOR DE LA SECUENCIA
        SELECT SECCIONES_SEQ.NEXTVAL INTO V_IDSECCION FROM dual;
        --HACER UN COUNT PARA VER SI NEXTVAL YA EXISTE
        SELECT COUNT(*) INTO V_EXISTS FROM SECCIONES WHERE IDSECCION = V_IDSECCION;
        --SALIR DEL BUCLE SI LA NEXTVAL NO ESTA EN LA TABLA
        EXIT WHEN V_EXISTS = 0;
    END LOOP;
    --ASIGNAR LA NUEVA ID
    :NEW.IDSECCION := V_IDSECCION;
END;
/
ALTER TRIGGER "TRG_SECCIONES_AUTO_ID" ENABLE;
--------------------------------------------------------
--  DDL for Trigger TRG_USUARIOS_AUTO_ID
--------------------------------------------------------

  CREATE OR REPLACE EDITIONABLE TRIGGER "TRG_USUARIOS_AUTO_ID" 
BEFORE INSERT ON USUARIOS
FOR EACH ROW
 WHEN (NEW.IDUSUARIO IS NULL OR NEW.IDUSUARIO = 0) DECLARE
    V_IDUSUARIO NUMBER(5);
    V_EXISTS NUMBER(5);--PARA VERIFICAR QUE LA ID EXISTE
BEGIN
    LOOP
        --OBTENER VALOR DE LA SECUENCIA
        SELECT USUARIOS_SEQ.NEXTVAL INTO V_IDUSUARIO FROM dual;
        --HACER UN COUNT PARA VER SI NEXTVAL YA EXISTE
        SELECT COUNT(*) INTO V_EXISTS FROM USUARIOS WHERE IDUSUARIO = V_IDUSUARIO;
        --SALIR DEL BUCLE SI LA NEXTVAL NO ESTA EN LA TABLA
        EXIT WHEN V_EXISTS = 0;
    END LOOP;
    --ASIGNAR LA NUEVA ID
    :NEW.IDUSUARIO := V_IDUSUARIO;
END;
/
ALTER TRIGGER "TRG_USUARIOS_AUTO_ID" ENABLE;
--------------------------------------------------------
--  DDL for Trigger TRG_USUARIOS_INSERT_CONFIG
--------------------------------------------------------

  CREATE OR REPLACE EDITIONABLE TRIGGER "TRG_USUARIOS_INSERT_CONFIG" 
BEFORE INSERT ON USUARIOS
FOR EACH ROW
 WHEN (NEW.CONFIG_IDCONFIGURACION = 0) DECLARE
    V_IDCONFIGURACION NUMBER(5);--PARA ALMACENAR LA NUEVA ID
BEGIN
    --INSERTAR NUEVA FILA A CONFIGURACIONES
    INSERT INTO CONFIGURACIONES (IDCONFIGURACION, SENSIBILIDAD) VALUES (CONFIGURACIONES_SEQ.NEXTVAL, 30)--30=VALOR POR DEFECTO DE SENSIBILIDAD
    RETURNING IDCONFIGURACION INTO V_IDCONFIGURACION;
    --ASIGNAR LA ID DE CONFIGURACION A CONFIG_IDCONFIGURACION DEL USUARIO
    :NEW.CONFIG_IdConfiguracion := V_IDCONFIGURACION;
END;
/
ALTER TRIGGER "TRG_USUARIOS_INSERT_CONFIG" ENABLE;
--------------------------------------------------------
--  DDL for Trigger TRG_ASIGNACIONES_AUTO_ID
--------------------------------------------------------

  CREATE OR REPLACE EDITIONABLE TRIGGER "TRG_ASIGNACIONES_AUTO_ID" 
BEFORE INSERT ON ASIGNACIONES
FOR EACH ROW
 WHEN (NEW.IDASIGNACION IS NULL OR NEW.IDASIGNACION = 0) DECLARE
    V_IDASIGNACION NUMBER(5);
    V_EXISTS NUMBER(5);--PARA VERIFICAR QUE LA ID EXISTE
BEGIN
    LOOP
        --OBTENER VALOR DE LA SECUENCIA
        SELECT ASIGNACIONES_SEQ.NEXTVAL INTO V_IDASIGNACION FROM dual;
        --HACER UN COUNT PARA VER SI NEXTVAL YA EXISTE
        SELECT COUNT(*) INTO V_EXISTS FROM ASIGNACIONES WHERE IDASIGNACION = V_IDASIGNACION;
        --SALIR DEL BUCLE SI LA NEXTVAL NO ESTA EN LA TABLA
        EXIT WHEN V_EXISTS = 0;
    END LOOP;
    --ASIGNAR LA NUEVA ID
    :NEW.IDASIGNACION := V_IDASIGNACION;
END;
/
ALTER TRIGGER "TRG_ASIGNACIONES_AUTO_ID" ENABLE;
--------------------------------------------------------
--  DDL for Trigger TRG_METRICAS_AUTO_ID
--------------------------------------------------------

  CREATE OR REPLACE EDITIONABLE TRIGGER "TRG_METRICAS_AUTO_ID" 
BEFORE INSERT ON METRICAS
FOR EACH ROW
 WHEN (NEW.IDMETRICA IS NULL OR NEW.IDMETRICA = 0) DECLARE
    V_IDMETRICA NUMBER(5);
    V_EXISTS NUMBER(5);--PARA VERIFICAR QUE LA ID EXISTE
BEGIN
    LOOP
        --OBTENER VALOR DE LA SECUENCIA
        SELECT METRICAS_SEQ.NEXTVAL INTO V_IDMETRICA FROM dual;
        --HACER UN COUNT PARA VER SI NEXTVAL YA EXISTE
        SELECT COUNT(*) INTO V_EXISTS FROM METRICAS WHERE IDMETRICA = V_IDMETRICA;
        --SALIR DEL BUCLE SI LA NEXTVAL NO ESTA EN LA TABLA
        EXIT WHEN V_EXISTS = 0;
    END LOOP;
    --ASIGNAR LA NUEVA ID
    :NEW.IDMETRICA := V_IDMETRICA;
END;
/
ALTER TRIGGER "TRG_METRICAS_AUTO_ID" ENABLE;
--------------------------------------------------------
--  DDL for Trigger TRG_METRICAS_SET_DATE
--------------------------------------------------------

  CREATE OR REPLACE EDITIONABLE TRIGGER "TRG_METRICAS_SET_DATE" 
BEFORE INSERT ON METRICAS
FOR EACH ROW
BEGIN
    :NEW.FECHA := SYSDATE;
END;
/
ALTER TRIGGER "TRG_METRICAS_SET_DATE" ENABLE;
--------------------------------------------------------
--  DDL for Trigger TRG_SALAS_AUTO_ID
--------------------------------------------------------

  CREATE OR REPLACE EDITIONABLE TRIGGER "TRG_SALAS_AUTO_ID" 
BEFORE INSERT ON SALAS
FOR EACH ROW
 WHEN (NEW.IDSALA IS NULL OR NEW.IDSALA = 0) DECLARE
    V_IDSALA NUMBER(5);
    V_EXISTS NUMBER(5);--PARA VERIFICAR QUE LA ID EXISTE
BEGIN
    LOOP
        --OBTENER VALOR DE LA SECUENCIA
        SELECT SALAS_SEQ.NEXTVAL INTO V_IDSALA FROM dual;
        --HACER UN COUNT PARA VER SI NEXTVAL YA EXISTE
        SELECT COUNT(*) INTO V_EXISTS FROM SALAS WHERE IDSALA = V_IDSALA;
        --SALIR DEL BUCLE SI LA NEXTVAL NO ESTA EN LA TABLA
        EXIT WHEN V_EXISTS = 0;
    END LOOP;
    --ASIGNAR LA NUEVA ID
    :NEW.IDSALA := V_IDSALA;
END;
/
ALTER TRIGGER "TRG_SALAS_AUTO_ID" ENABLE;
--------------------------------------------------------
--  DDL for Trigger TRG_SECCIONES_AUTO_ID
--------------------------------------------------------

  CREATE OR REPLACE EDITIONABLE TRIGGER "TRG_SECCIONES_AUTO_ID" 
BEFORE INSERT ON SECCIONES
FOR EACH ROW
 WHEN (NEW.IDSECCION IS NULL OR NEW.IDSECCION = 0) DECLARE
    V_IDSECCION NUMBER(5);
    V_EXISTS NUMBER(5);--PARA VERIFICAR QUE LA ID EXISTE
BEGIN
    LOOP
        --OBTENER VALOR DE LA SECUENCIA
        SELECT SECCIONES_SEQ.NEXTVAL INTO V_IDSECCION FROM dual;
        --HACER UN COUNT PARA VER SI NEXTVAL YA EXISTE
        SELECT COUNT(*) INTO V_EXISTS FROM SECCIONES WHERE IDSECCION = V_IDSECCION;
        --SALIR DEL BUCLE SI LA NEXTVAL NO ESTA EN LA TABLA
        EXIT WHEN V_EXISTS = 0;
    END LOOP;
    --ASIGNAR LA NUEVA ID
    :NEW.IDSECCION := V_IDSECCION;
END;
/
ALTER TRIGGER "TRG_SECCIONES_AUTO_ID" ENABLE;
--------------------------------------------------------
--  DDL for Trigger TRG_USUARIOS_AUTO_ID
--------------------------------------------------------

  CREATE OR REPLACE EDITIONABLE TRIGGER "TRG_USUARIOS_AUTO_ID" 
BEFORE INSERT ON USUARIOS
FOR EACH ROW
 WHEN (NEW.IDUSUARIO IS NULL OR NEW.IDUSUARIO = 0) DECLARE
    V_IDUSUARIO NUMBER(5);
    V_EXISTS NUMBER(5);--PARA VERIFICAR QUE LA ID EXISTE
BEGIN
    LOOP
        --OBTENER VALOR DE LA SECUENCIA
        SELECT USUARIOS_SEQ.NEXTVAL INTO V_IDUSUARIO FROM dual;
        --HACER UN COUNT PARA VER SI NEXTVAL YA EXISTE
        SELECT COUNT(*) INTO V_EXISTS FROM USUARIOS WHERE IDUSUARIO = V_IDUSUARIO;
        --SALIR DEL BUCLE SI LA NEXTVAL NO ESTA EN LA TABLA
        EXIT WHEN V_EXISTS = 0;
    END LOOP;
    --ASIGNAR LA NUEVA ID
    :NEW.IDUSUARIO := V_IDUSUARIO;
END;
/
ALTER TRIGGER "TRG_USUARIOS_AUTO_ID" ENABLE;
--------------------------------------------------------
--  DDL for Trigger TRG_USUARIOS_INSERT_CONFIG
--------------------------------------------------------

  CREATE OR REPLACE EDITIONABLE TRIGGER "TRG_USUARIOS_INSERT_CONFIG" 
BEFORE INSERT ON USUARIOS
FOR EACH ROW
 WHEN (NEW.CONFIG_IDCONFIGURACION = 0) DECLARE
    V_IDCONFIGURACION NUMBER(5);--PARA ALMACENAR LA NUEVA ID
BEGIN
    --INSERTAR NUEVA FILA A CONFIGURACIONES
    INSERT INTO CONFIGURACIONES (IDCONFIGURACION, SENSIBILIDAD) VALUES (CONFIGURACIONES_SEQ.NEXTVAL, 30)--30=VALOR POR DEFECTO DE SENSIBILIDAD
    RETURNING IDCONFIGURACION INTO V_IDCONFIGURACION;
    --ASIGNAR LA ID DE CONFIGURACION A CONFIG_IDCONFIGURACION DEL USUARIO
    :NEW.CONFIG_IdConfiguracion := V_IDCONFIGURACION;
END;
/
ALTER TRIGGER "TRG_USUARIOS_INSERT_CONFIG" ENABLE;
--------------------------------------------------------
--  Constraints for Table ASIGNACIONES
--------------------------------------------------------

  ALTER TABLE "ASIGNACIONES" ADD PRIMARY KEY ("IDASIGNACION")
  USING INDEX PCTFREE 10 INITRANS 20 MAXTRANS 255 COMPUTE STATISTICS 
  STORAGE(INITIAL 65536 NEXT 1048576 MINEXTENTS 1 MAXEXTENTS 2147483645
  PCTINCREASE 0 FREELISTS 1 FREELIST GROUPS 1
  BUFFER_POOL DEFAULT FLASH_CACHE DEFAULT CELL_FLASH_CACHE DEFAULT)
  TABLESPACE "DATA"  ENABLE;
--------------------------------------------------------
--  Constraints for Table CONFIGURACIONES
--------------------------------------------------------

  ALTER TABLE "CONFIGURACIONES" MODIFY ("SENSIBILIDAD" NOT NULL ENABLE);
  ALTER TABLE "CONFIGURACIONES" ADD PRIMARY KEY ("IDCONFIGURACION")
  USING INDEX PCTFREE 10 INITRANS 20 MAXTRANS 255 COMPUTE STATISTICS 
  STORAGE(INITIAL 65536 NEXT 1048576 MINEXTENTS 1 MAXEXTENTS 2147483645
  PCTINCREASE 0 FREELISTS 1 FREELIST GROUPS 1
  BUFFER_POOL DEFAULT FLASH_CACHE DEFAULT CELL_FLASH_CACHE DEFAULT)
  TABLESPACE "DATA"  ENABLE;
--------------------------------------------------------
--  Constraints for Table METRICAS
--------------------------------------------------------

  ALTER TABLE "METRICAS" MODIFY ("REGISTRO" NOT NULL ENABLE);
  ALTER TABLE "METRICAS" ADD PRIMARY KEY ("IDMETRICA")
  USING INDEX PCTFREE 10 INITRANS 20 MAXTRANS 255 COMPUTE STATISTICS 
  STORAGE(INITIAL 65536 NEXT 1048576 MINEXTENTS 1 MAXEXTENTS 2147483645
  PCTINCREASE 0 FREELISTS 1 FREELIST GROUPS 1
  BUFFER_POOL DEFAULT FLASH_CACHE DEFAULT CELL_FLASH_CACHE DEFAULT)
  TABLESPACE "DATA"  ENABLE;
--------------------------------------------------------
--  Constraints for Table SALAS
--------------------------------------------------------

  ALTER TABLE "SALAS" MODIFY ("NOMBRE" NOT NULL ENABLE);
  ALTER TABLE "SALAS" MODIFY ("LINK" NOT NULL ENABLE);
  ALTER TABLE "SALAS" ADD PRIMARY KEY ("IDSALA")
  USING INDEX PCTFREE 10 INITRANS 20 MAXTRANS 255 COMPUTE STATISTICS 
  STORAGE(INITIAL 65536 NEXT 1048576 MINEXTENTS 1 MAXEXTENTS 2147483645
  PCTINCREASE 0 FREELISTS 1 FREELIST GROUPS 1
  BUFFER_POOL DEFAULT FLASH_CACHE DEFAULT CELL_FLASH_CACHE DEFAULT)
  TABLESPACE "DATA"  ENABLE;
--------------------------------------------------------
--  Constraints for Table SALAS_SECCIONES
--------------------------------------------------------

  ALTER TABLE "SALAS_SECCIONES" ADD PRIMARY KEY ("SECCIONES_IDSECCION", "SALAS_IDSALA")
  USING INDEX PCTFREE 10 INITRANS 20 MAXTRANS 255 COMPUTE STATISTICS 
  STORAGE(INITIAL 65536 NEXT 1048576 MINEXTENTS 1 MAXEXTENTS 2147483645
  PCTINCREASE 0 FREELISTS 1 FREELIST GROUPS 1
  BUFFER_POOL DEFAULT FLASH_CACHE DEFAULT CELL_FLASH_CACHE DEFAULT)
  TABLESPACE "DATA"  ENABLE;
--------------------------------------------------------
--  Constraints for Table SECCIONES
--------------------------------------------------------

  ALTER TABLE "SECCIONES" MODIFY ("NOMBRE" NOT NULL ENABLE);
  ALTER TABLE "SECCIONES" ADD PRIMARY KEY ("IDSECCION")
  USING INDEX PCTFREE 10 INITRANS 20 MAXTRANS 255 COMPUTE STATISTICS 
  STORAGE(INITIAL 65536 NEXT 1048576 MINEXTENTS 1 MAXEXTENTS 2147483645
  PCTINCREASE 0 FREELISTS 1 FREELIST GROUPS 1
  BUFFER_POOL DEFAULT FLASH_CACHE DEFAULT CELL_FLASH_CACHE DEFAULT)
  TABLESPACE "DATA"  ENABLE;
--------------------------------------------------------
--  Constraints for Table USUARIOS
--------------------------------------------------------

  ALTER TABLE "USUARIOS" MODIFY ("NOMBRE" NOT NULL ENABLE);
  ALTER TABLE "USUARIOS" MODIFY ("CORREO" NOT NULL ENABLE);
  ALTER TABLE "USUARIOS" MODIFY ("CONTRASENNA" NOT NULL ENABLE);
  ALTER TABLE "USUARIOS" ADD PRIMARY KEY ("IDUSUARIO")
  USING INDEX PCTFREE 10 INITRANS 20 MAXTRANS 255 COMPUTE STATISTICS 
  STORAGE(INITIAL 65536 NEXT 1048576 MINEXTENTS 1 MAXEXTENTS 2147483645
  PCTINCREASE 0 FREELISTS 1 FREELIST GROUPS 1
  BUFFER_POOL DEFAULT FLASH_CACHE DEFAULT CELL_FLASH_CACHE DEFAULT)
  TABLESPACE "DATA"  ENABLE;
--------------------------------------------------------
--  Ref Constraints for Table ASIGNACIONES
--------------------------------------------------------

  ALTER TABLE "ASIGNACIONES" ADD CONSTRAINT "ASIGNACIONES_USUARIOS_FK" FOREIGN KEY ("USUARIOS_IDUSUARIO")
	  REFERENCES "USUARIOS" ("IDUSUARIO") ENABLE;
  ALTER TABLE "ASIGNACIONES" ADD CONSTRAINT "ASIGNACIONES_SALAS_SECCIONES_FK" FOREIGN KEY ("SALAS_SECCIONES_SECCIONES_IDSECCION", "SALAS_SECCIONES_SALAS_IDSALA")
	  REFERENCES "SALAS_SECCIONES" ("SECCIONES_IDSECCION", "SALAS_IDSALA") ENABLE;
--------------------------------------------------------
--  Ref Constraints for Table METRICAS
--------------------------------------------------------

  ALTER TABLE "METRICAS" ADD CONSTRAINT "METRICAS_ASIGNACIONES_FK" FOREIGN KEY ("ASIGNACIONES_IDASIGNACION")
	  REFERENCES "ASIGNACIONES" ("IDASIGNACION") ENABLE;
--------------------------------------------------------
--  Ref Constraints for Table SALAS_SECCIONES
--------------------------------------------------------

  ALTER TABLE "SALAS_SECCIONES" ADD CONSTRAINT "SALAS_SECCIONES_SALAS_FK" FOREIGN KEY ("SALAS_IDSALA")
	  REFERENCES "SALAS" ("IDSALA") ENABLE;
  ALTER TABLE "SALAS_SECCIONES" ADD CONSTRAINT "SALAS_SECCIONES_SECCIONES_FK" FOREIGN KEY ("SECCIONES_IDSECCION")
	  REFERENCES "SECCIONES" ("IDSECCION") ENABLE;
--------------------------------------------------------
--  Ref Constraints for Table USUARIOS
--------------------------------------------------------

  ALTER TABLE "USUARIOS" ADD CONSTRAINT "USUARIOS_CONFIGURACIONES_FK" FOREIGN KEY ("CONFIG_IDCONFIGURACION")
	  REFERENCES "CONFIGURACIONES" ("IDCONFIGURACION") ENABLE;
